titlepos,titleneg,titleneu,titlerating,textpos,textneg,textneu,textrating,commpos,comneg,comneu,comrating,date
2.7,10.9,86.4,Negative,<NA>,<NA>,<NA>,<NA>,0.0,0.0,100.0,Neutral,07/09/24
0.0,0.0,100.0,Neutral,<NA>,<NA>,<NA>,<NA>,6.46,3.8,89.74,Positive,07/09/24
0.0,21.8,78.2,Negative,<NA>,<NA>,<NA>,<NA>,5.9,15.56,78.52,Negative,07/09/24
19.8,8.3,71.9,Positive,<NA>,<NA>,<NA>,<NA>,8.76,17.24,74.0,Negative,07/09/24
0.0,10.4,89.6,Negative,<NA>,<NA>,<NA>,<NA>,2.78,5.7,91.52,Neutral,07/09/24
4.0,0.0,96.0,Positive,<NA>,<NA>,<NA>,<NA>,23.94,4.14,71.94,Positive,07/09/24
4.1,4.4,91.4,Neutral,<NA>,<NA>,<NA>,<NA>,7.46,0.28,92.26,Neutral,07/09/24
0.0,0.0,100.0,Neutral,<NA>,<NA>,<NA>,<NA>,12.78,12.04,75.16,Negative,07/09/24
5.7,16.5,77.8,Negative,<NA>,<NA>,<NA>,<NA>,6.48,9.5,84.02,Negative,07/09/24
0.0,0.0,100.0,Neutral,<NA>,<NA>,<NA>,<NA>,3.22,7.54,89.26,Negative,07/09/24
13.1,0.0,86.9,Positive,<NA>,<NA>,<NA>,<NA>,1.9,0.0,98.1,Neutral,07/09/24
0.0,23.5,76.5,Negative,<NA>,<NA>,<NA>,<NA>,11.54,14.52,73.92,Negative,07/09/24
15.8,0.0,84.2,Positive,<NA>,<NA>,<NA>,<NA>,10.98,2.88,86.16,Positive,07/09/24
15.7,0.0,84.3,Positive,<NA>,<NA>,<NA>,<NA>,5.7,5.06,89.24,Positive,07/09/24
0.0,4.1,95.9,Negative,<NA>,<NA>,<NA>,<NA>,10.54,8.08,81.4,Positive,07/09/24
16.2,0.0,83.8,Positive,<NA>,<NA>,<NA>,<NA>,7.14,6.0,86.88,Negative,07/09/24
0.0,12.4,87.6,Negative,<NA>,<NA>,<NA>,<NA>,8.18,5.32,86.5,Positive,07/09/24
9.1,4.1,86.9,Positive,<NA>,<NA>,<NA>,<NA>,7.12,13.34,79.54,Negative,07/09/24
0.0,12.9,87.1,Negative,<NA>,<NA>,<NA>,<NA>,7.0,0.46,92.54,Positive,07/09/24
13.3,9.0,77.7,Positive,<NA>,<NA>,<NA>,<NA>,19.64,4.18,76.18,Positive,07/09/24
17.7,4.9,77.4,Positive,<NA>,<NA>,<NA>,<NA>,15.4,3.28,81.32,Positive,07/09/24
3.8,8.3,88.0,Negative,<NA>,<NA>,<NA>,<NA>,7.32,4.24,88.44,Positive,07/09/24
15.2,4.5,80.2,Positive,<NA>,<NA>,<NA>,<NA>,15.1,4.14,80.76,Positive,07/09/24
17.8,15.7,66.4,Neutral,<NA>,<NA>,<NA>,<NA>,10.66,2.26,87.1,Positive,07/09/24
0.0,17.6,82.4,Negative,<NA>,<NA>,<NA>,<NA>,12.88,0.58,86.52,Positive,07/09/24
3.8,0.0,96.2,Positive,<NA>,<NA>,<NA>,<NA>,4.26,9.04,86.68,Negative,07/09/24
9.3,7.1,83.6,Positive,<NA>,<NA>,<NA>,<NA>,11.64,6.58,81.8,Positive,07/09/24
34.2,0.0,65.8,Positive,<NA>,<NA>,<NA>,<NA>,7.74,3.7,88.54,Positive,07/09/24
4.4,5.8,89.8,Negative,<NA>,<NA>,<NA>,<NA>,5.0,6.66,88.32,Neutral,07/09/24
5.9,10.5,83.5,Negative,<NA>,<NA>,<NA>,<NA>,4.94,7.28,87.78,Negative,07/09/24
9.0,20.7,70.4,Negative,<NA>,<NA>,<NA>,<NA>,5.68,9.56,84.76,Negative,07/09/24
0.0,8.8,91.2,Negative,<NA>,<NA>,<NA>,<NA>,10.34,7.26,82.42,Negative,07/09/24
15.4,17.4,67.2,Negative,<NA>,<NA>,<NA>,<NA>,1.68,17.94,80.38,Negative,07/09/24
19.1,28.4,52.5,Negative,<NA>,<NA>,<NA>,<NA>,6.78,12.28,80.94,Negative,07/09/24
0.0,4.8,95.2,Negative,<NA>,<NA>,<NA>,<NA>,6.04,13.1,80.86,Negative,07/09/24
0.0,24.5,75.5,Negative,<NA>,<NA>,<NA>,<NA>,5.52,21.64,72.84,Negative,07/09/24
7.1,8.9,84.0,Negative,<NA>,<NA>,<NA>,<NA>,9.76,15.5,74.74,Positive,07/09/24
0.0,45.1,54.9,Negative,<NA>,<NA>,<NA>,<NA>,6.96,22.8,70.24,Negative,07/09/24
0.0,0.0,100.0,Neutral,<NA>,<NA>,<NA>,<NA>,7.62,16.14,76.22,Negative,07/09/24
0.0,14.1,85.9,Negative,<NA>,<NA>,<NA>,<NA>,4.08,5.1,90.8,Positive,07/09/24
7.3,14.0,78.7,Negative,<NA>,<NA>,<NA>,<NA>,0.0,18.7,81.3,Negative,07/09/24
0.0,0.0,100.0,Neutral,<NA>,<NA>,<NA>,<NA>,9.86,0.0,90.14,Positive,07/09/24
5.8,0.0,94.2,Positive,<NA>,<NA>,<NA>,<NA>,6.8,5.38,87.82,Positive,07/09/24
0.0,20.4,79.6,Negative,<NA>,<NA>,<NA>,<NA>,8.62,17.96,73.4,Negative,07/09/24
11.1,15.2,73.8,Negative,<NA>,<NA>,<NA>,<NA>,5.92,12.98,81.1,Negative,07/09/24
0.0,0.0,100.0,Neutral,<NA>,<NA>,<NA>,<NA>,4.4,8.6,87.0,Negative,07/09/24
4.3,15.9,79.7,Negative,<NA>,<NA>,<NA>,<NA>,6.08,13.54,80.36,Negative,07/09/24
0.0,0.0,100.0,Neutral,<NA>,<NA>,<NA>,<NA>,7.4,0.96,91.62,Positive,07/09/24
3.8,0.0,96.2,Positive,<NA>,<NA>,<NA>,<NA>,7.46,2.88,89.66,Neutral,07/09/24
0.0,8.2,91.8,Negative,<NA>,<NA>,<NA>,<NA>,11.68,8.22,80.08,Positive,07/09/24
0.0,0.0,100.0,Neutral,<NA>,<NA>,<NA>,<NA>,4.64,7.0,88.36,Negative,07/09/24
18.2,0.0,81.8,Positive,<NA>,<NA>,<NA>,<NA>,15.98,10.14,73.88,Positive,07/17/24
14.0,0.0,86.0,Positive,<NA>,<NA>,<NA>,<NA>,7.96,4.98,87.06,Positive,07/17/24
6.4,17.9,75.7,Negative,<NA>,<NA>,<NA>,<NA>,5.48,15.6,78.94,Negative,07/17/24
19.9,0.0,80.1,Positive,<NA>,<NA>,<NA>,<NA>,15.64,5.7,78.7,Positive,07/17/24
0.0,0.0,100.0,Neutral,<NA>,<NA>,<NA>,<NA>,11.38,5.98,82.64,Positive,07/17/24
10.6,10.1,79.3,Neutral,<NA>,<NA>,<NA>,<NA>,9.26,1.4,89.34,Positive,07/17/24
21.0,4.8,74.3,Positive,<NA>,<NA>,<NA>,<NA>,11.26,4.76,83.98,Positive,07/17/24
10.5,4.9,84.6,Positive,<NA>,<NA>,<NA>,<NA>,7.28,2.98,89.74,Positive,07/17/24
11.1,0.0,88.9,Positive,<NA>,<NA>,<NA>,<NA>,3.7,3.1,93.2,Neutral,07/17/24
9.1,5.1,85.7,Positive,<NA>,<NA>,<NA>,<NA>,6.7,7.12,86.16,Negative,07/17/24
10.9,6.5,82.5,Positive,<NA>,<NA>,<NA>,<NA>,3.8,6.86,89.34,Negative,07/17/24
13.0,14.6,72.4,Negative,<NA>,<NA>,<NA>,<NA>,9.78,19.74,70.52,Negative,07/17/24
13.1,0.0,86.9,Positive,<NA>,<NA>,<NA>,<NA>,16.28,6.04,77.7,Positive,07/17/24
20.2,7.5,72.3,Positive,<NA>,<NA>,<NA>,<NA>,8.18,18.54,73.26,Negative,07/17/24
0.0,20.0,80.0,Negative,<NA>,<NA>,<NA>,<NA>,11.86,12.88,75.26,Positive,07/17/24
7.5,0.0,92.5,Positive,<NA>,<NA>,<NA>,<NA>,11.76,9.48,78.76,Positive,07/17/24
4.9,15.4,79.7,Negative,<NA>,<NA>,<NA>,<NA>,5.06,12.82,82.1,Negative,07/17/24
6.5,8.3,85.1,Neutral,<NA>,<NA>,<NA>,<NA>,10.72,1.26,88.0,Positive,07/17/24
4.0,29.8,66.1,Negative,<NA>,<NA>,<NA>,<NA>,12.56,15.96,71.44,Positive,07/17/24
19.4,32.3,48.3,Negative,<NA>,<NA>,<NA>,<NA>,4.18,12.24,83.58,Negative,07/17/24
5.2,9.9,84.9,Negative,<NA>,<NA>,<NA>,<NA>,10.84,8.74,80.44,Positive,07/17/24
18.7,4.5,76.8,Positive,<NA>,<NA>,<NA>,<NA>,6.8,10.64,82.56,Negative,07/17/24
9.0,10.6,80.4,Negative,<NA>,<NA>,<NA>,<NA>,17.8,6.2,76.0,Positive,07/17/24
0.0,0.0,100.0,Neutral,<NA>,<NA>,<NA>,<NA>,17.22,4.0,78.8,Positive,07/17/24
6.5,0.0,93.5,Positive,<NA>,<NA>,<NA>,<NA>,4.32,0.0,95.68,Neutral,07/17/24
13.1,10.7,76.3,Positive,<NA>,<NA>,<NA>,<NA>,4.18,5.04,90.78,Positive,07/17/24
8.5,10.9,80.6,Negative,<NA>,<NA>,<NA>,<NA>,11.86,4.94,83.2,Positive,07/17/24
0.0,0.0,100.0,Neutral,<NA>,<NA>,<NA>,<NA>,4.5,11.02,84.48,Negative,07/17/24
0.0,0.0,100.0,Neutral,<NA>,<NA>,<NA>,<NA>,4.02,17.04,78.94,Negative,07/17/24
0.0,16.7,83.3,Negative,<NA>,<NA>,<NA>,<NA>,11.9,13.0,75.08,Negative,07/17/24
7.6,0.0,92.4,Positive,<NA>,<NA>,<NA>,<NA>,4.5,3.42,92.06,Positive,07/17/24
0.0,3.6,96.4,Negative,<NA>,<NA>,<NA>,<NA>,7.94,11.58,80.46,Negative,07/17/24
18.7,4.6,76.8,Positive,<NA>,<NA>,<NA>,<NA>,12.2,16.82,70.98,Negative,07/17/24
0.0,8.0,92.0,Negative,<NA>,<NA>,<NA>,<NA>,9.5,10.16,80.36,Positive,07/17/24
3.8,4.2,92.0,Negative,<NA>,<NA>,<NA>,<NA>,1.08,4.56,94.36,Negative,07/17/24
8.3,0.0,91.7,Positive,<NA>,<NA>,<NA>,<NA>,13.82,5.74,80.44,Positive,07/17/24
6.0,27.7,66.3,Negative,<NA>,<NA>,<NA>,<NA>,15.66,20.0,64.34,Negative,07/17/24
8.5,0.0,91.5,Positive,<NA>,<NA>,<NA>,<NA>,9.12,2.5,88.4,Positive,07/17/24
0.0,4.6,95.4,Negative,<NA>,<NA>,<NA>,<NA>,5.44,12.68,81.88,Negative,07/17/24
10.0,0.0,90.0,Positive,<NA>,<NA>,<NA>,<NA>,3.38,3.6,93.02,Positive,07/17/24
37.2,22.9,39.9,Positive,<NA>,<NA>,<NA>,<NA>,12.96,14.3,72.74,Negative,07/17/24
6.3,0.0,93.7,Positive,<NA>,<NA>,<NA>,<NA>,18.08,4.18,77.74,Positive,07/17/24
0.0,4.1,95.9,Negative,<NA>,<NA>,<NA>,<NA>,4.04,9.92,86.02,Negative,07/17/24
3.6,4.0,92.4,Neutral,<NA>,<NA>,<NA>,<NA>,14.3,24.34,61.38,Negative,07/17/24
26.8,0.0,73.2,Positive,<NA>,<NA>,<NA>,<NA>,14.66,4.62,80.7,Positive,07/17/24
6.2,4.8,89.0,Positive,<NA>,<NA>,<NA>,<NA>,3.46,3.76,92.78,Neutral,07/17/24
25.4,17.6,56.9,Positive,<NA>,<NA>,<NA>,<NA>,10.94,14.96,74.1,Negative,07/17/24
0.0,8.6,91.4,Negative,<NA>,<NA>,<NA>,<NA>,8.12,5.12,86.76,Positive,07/17/24
0.0,0.0,100.0,Neutral,<NA>,<NA>,<NA>,<NA>,7.12,3.84,89.02,Positive,07/17/24
0.0,0.0,100.0,Neutral,<NA>,<NA>,<NA>,<NA>,15.02,5.34,79.64,Positive,07/17/24
4.1,17.1,78.8,Negative,<NA>,<NA>,<NA>,<NA>,7.14,9.02,83.84,Negative,07/17/24
0.0,0.0,100.0,Neutral,<NA>,<NA>,<NA>,<NA>,5.08,5.46,89.46,Negative,07/24/24
22.5,0.0,77.5,Positive,<NA>,<NA>,<NA>,<NA>,13.26,4.94,81.8,Positive,07/24/24
11.5,0.0,88.5,Positive,<NA>,<NA>,<NA>,<NA>,10.3,2.06,87.64,Positive,07/24/24
14.3,16.6,69.1,Negative,<NA>,<NA>,<NA>,<NA>,10.2,3.78,86.02,Positive,07/24/24
0.0,17.5,82.5,Negative,<NA>,<NA>,<NA>,<NA>,17.34,5.74,76.92,Positive,07/24/24
15.7,0.0,84.3,Positive,<NA>,<NA>,<NA>,<NA>,19.96,2.6,77.44,Positive,07/24/24
0.0,7.0,93.0,Negative,<NA>,<NA>,<NA>,<NA>,13.18,2.24,84.58,Positive,07/24/24
10.0,10.0,79.9,Negative,<NA>,<NA>,<NA>,<NA>,6.88,8.72,84.42,Negative,07/24/24
36.0,0.0,64.0,Positive,<NA>,<NA>,<NA>,<NA>,12.2,2.8,85.0,Positive,07/24/24
16.6,21.2,62.1,Negative,<NA>,<NA>,<NA>,<NA>,6.76,13.76,79.48,Neutral,07/24/24
8.4,35.9,55.7,Negative,<NA>,<NA>,<NA>,<NA>,8.06,10.66,81.3,Negative,07/24/24
2.4,4.6,92.9,Negative,<NA>,<NA>,<NA>,<NA>,13.88,0.0,86.12,Positive,07/24/24
3.4,8.1,88.5,Negative,<NA>,<NA>,<NA>,<NA>,2.14,13.88,83.98,Negative,07/24/24
5.4,0.0,94.6,Positive,<NA>,<NA>,<NA>,<NA>,2.28,9.46,88.26,Negative,07/24/24
6.5,0.0,93.5,Positive,<NA>,<NA>,<NA>,<NA>,7.8,3.64,88.56,Positive,07/24/24
21.0,0.0,79.0,Positive,<NA>,<NA>,<NA>,<NA>,19.5,7.28,73.22,Positive,07/24/24
3.5,0.0,96.5,Positive,<NA>,<NA>,<NA>,<NA>,8.86,2.04,89.12,Positive,07/24/24
14.2,13.3,72.5,Positive,<NA>,<NA>,<NA>,<NA>,8.38,8.98,82.64,Positive,07/24/24
7.4,0.0,92.6,Positive,<NA>,<NA>,<NA>,<NA>,10.5,8.9,80.6,Negative,07/24/24
0.0,19.4,80.6,Negative,<NA>,<NA>,<NA>,<NA>,13.0,22.88,64.12,Positive,07/24/24
6.7,19.4,73.9,Negative,<NA>,<NA>,<NA>,<NA>,15.18,6.92,77.88,Positive,07/24/24
21.0,0.0,79.0,Positive,<NA>,<NA>,<NA>,<NA>,1.96,1.28,96.78,Neutral,07/24/24
18.4,0.0,81.6,Positive,<NA>,<NA>,<NA>,<NA>,9.76,0.42,89.82,Positive,07/24/24
0.0,0.0,100.0,Neutral,<NA>,<NA>,<NA>,<NA>,14.62,0.36,85.02,Positive,07/24/24
9.3,5.9,84.8,Positive,<NA>,<NA>,<NA>,<NA>,6.98,4.22,88.8,Negative,07/24/24
11.4,21.0,67.5,Negative,<NA>,<NA>,<NA>,<NA>,7.46,26.78,65.76,Negative,07/24/24
6.0,11.1,82.9,Negative,<NA>,<NA>,<NA>,<NA>,11.3,6.16,82.54,Neutral,07/24/24
6.6,0.0,93.4,Positive,<NA>,<NA>,<NA>,<NA>,5.58,2.02,92.4,Positive,07/24/24
14.5,0.0,85.5,Positive,<NA>,<NA>,<NA>,<NA>,3.62,1.56,94.82,Neutral,07/24/24
7.7,18.2,74.1,Negative,<NA>,<NA>,<NA>,<NA>,7.04,8.74,84.28,Negative,07/24/24
7.7,4.7,87.6,Positive,<NA>,<NA>,<NA>,<NA>,10.84,8.62,80.54,Positive,07/24/24
0.0,11.0,89.0,Negative,<NA>,<NA>,<NA>,<NA>,1.88,12.62,85.5,Negative,07/24/24
24.3,9.9,65.7,Positive,<NA>,<NA>,<NA>,<NA>,19.7,5.3,75.0,Positive,07/24/24
18.1,0.0,81.9,Positive,<NA>,<NA>,<NA>,<NA>,12.76,7.92,79.34,Positive,07/24/24
0.0,0.0,100.0,Neutral,<NA>,<NA>,<NA>,<NA>,7.7,10.66,81.64,Negative,07/24/24
10.0,25.2,64.7,Negative,<NA>,<NA>,<NA>,<NA>,14.58,13.2,72.22,Positive,07/24/24
28.6,0.0,71.4,Positive,<NA>,<NA>,<NA>,<NA>,4.64,0.0,95.36,Neutral,07/24/24
16.1,0.0,83.9,Positive,<NA>,<NA>,<NA>,<NA>,5.88,8.18,85.96,Negative,07/24/24
7.0,32.6,60.4,Negative,<NA>,<NA>,<NA>,<NA>,4.38,13.24,82.38,Negative,07/24/24
11.0,5.6,83.3,Positive,<NA>,<NA>,<NA>,<NA>,17.76,5.8,76.46,Positive,07/24/24
0.0,0.0,100.0,Neutral,<NA>,<NA>,<NA>,<NA>,0.46,4.72,94.82,Negative,07/24/24
7.3,5.6,87.2,Negative,<NA>,<NA>,<NA>,<NA>,9.36,7.62,83.02,Negative,07/24/24
5.3,13.9,80.8,Negative,<NA>,<NA>,<NA>,<NA>,8.98,6.9,84.14,Negative,07/24/24
0.0,0.0,100.0,Neutral,<NA>,<NA>,<NA>,<NA>,2.96,0.82,96.22,Neutral,07/24/24
15.2,8.9,75.9,Positive,<NA>,<NA>,<NA>,<NA>,10.5,2.28,87.2,Positive,07/24/24
24.4,0.0,75.6,Positive,<NA>,<NA>,<NA>,<NA>,14.04,1.78,84.16,Positive,07/24/24
6.4,24.1,69.5,Negative,<NA>,<NA>,<NA>,<NA>,6.72,24.34,68.94,Negative,07/24/24
22.0,15.2,62.7,Positive,<NA>,<NA>,<NA>,<NA>,10.82,9.68,79.5,Positive,07/24/24
0.0,8.0,92.0,Negative,<NA>,<NA>,<NA>,<NA>,8.38,3.2,88.42,Positive,07/24/24
5.9,5.0,89.0,Negative,<NA>,<NA>,<NA>,<NA>,0.0,0.0,100.0,Neutral,07/31/24
8.1,10.5,81.4,Negative,<NA>,<NA>,<NA>,<NA>,14.24,5.52,80.24,Positive,07/31/24
5.4,12.0,82.6,Negative,<NA>,<NA>,<NA>,<NA>,9.72,6.18,84.1,Positive,07/31/24
19.8,3.7,76.5,Positive,<NA>,<NA>,<NA>,<NA>,7.0,5.44,87.56,Positive,07/31/24
0.0,26.5,73.5,Negative,<NA>,<NA>,<NA>,<NA>,4.14,7.2,88.68,Neutral,07/31/24
18.0,20.8,61.1,Negative,<NA>,<NA>,<NA>,<NA>,10.88,17.28,71.84,Negative,07/31/24
0.0,0.0,100.0,Neutral,<NA>,<NA>,<NA>,<NA>,11.12,2.3,86.58,Positive,07/31/24
6.3,11.9,81.8,Negative,<NA>,<NA>,<NA>,<NA>,7.98,5.06,86.98,Positive,07/31/24
9.3,0.0,90.7,Positive,<NA>,<NA>,<NA>,<NA>,4.9,7.52,87.58,Negative,07/31/24
0.0,41.2,58.8,Negative,<NA>,<NA>,<NA>,<NA>,2.42,5.72,91.86,Neutral,07/31/24
0.0,28.6,71.4,Negative,<NA>,<NA>,<NA>,<NA>,13.7,10.7,75.6,Negative,07/31/24
23.1,13.3,63.7,Positive,<NA>,<NA>,<NA>,<NA>,7.84,11.88,80.28,Negative,07/31/24
0.0,10.2,89.8,Negative,<NA>,<NA>,<NA>,<NA>,19.94,5.74,74.32,Positive,07/31/24
20.0,0.0,80.0,Positive,<NA>,<NA>,<NA>,<NA>,3.58,5.22,91.2,Positive,07/31/24
0.0,0.0,100.0,Neutral,<NA>,<NA>,<NA>,<NA>,21.04,6.2,72.76,Positive,07/31/24
3.8,7.0,89.2,Negative,<NA>,<NA>,<NA>,<NA>,4.5,0.58,94.92,Neutral,07/31/24
11.4,4.2,84.4,Positive,<NA>,<NA>,<NA>,<NA>,12.7,7.84,79.46,Positive,07/31/24
5.6,4.2,90.2,Positive,<NA>,<NA>,<NA>,<NA>,11.56,6.08,82.38,Positive,07/31/24
16.4,0.0,83.6,Positive,<NA>,<NA>,<NA>,<NA>,12.48,7.54,79.96,Positive,07/31/24
6.3,5.3,88.4,Positive,<NA>,<NA>,<NA>,<NA>,8.76,7.86,83.36,Positive,07/31/24
13.8,6.9,79.3,Positive,<NA>,<NA>,<NA>,<NA>,9.16,9.32,81.52,Positive,07/31/24
8.5,27.3,64.2,Negative,<NA>,<NA>,<NA>,<NA>,6.0,13.72,80.28,Negative,07/31/24
0.0,18.8,81.2,Negative,<NA>,<NA>,<NA>,<NA>,9.36,12.26,78.38,Negative,07/31/24
8.0,4.1,87.9,Positive,<NA>,<NA>,<NA>,<NA>,8.02,11.68,80.34,Negative,07/31/24
9.5,11.7,78.9,Negative,<NA>,<NA>,<NA>,<NA>,22.56,10.56,66.88,Positive,07/31/24
15.8,19.4,64.7,Negative,<NA>,<NA>,<NA>,<NA>,6.46,5.8,87.78,Neutral,07/31/24
7.2,6.1,86.7,Positive,<NA>,<NA>,<NA>,<NA>,3.04,11.54,85.42,Negative,07/31/24
5.6,21.1,73.3,Negative,<NA>,<NA>,<NA>,<NA>,14.58,4.74,80.7,Positive,07/31/24
0.0,0.0,100.0,Neutral,<NA>,<NA>,<NA>,<NA>,2.58,0.0,97.42,Neutral,07/31/24
0.0,13.6,86.4,Negative,<NA>,<NA>,<NA>,<NA>,8.2,19.48,72.3,Negative,07/31/24
7.6,8.2,84.2,Negative,<NA>,<NA>,<NA>,<NA>,10.26,11.28,78.46,Positive,07/31/24
0.0,5.2,94.8,Negative,<NA>,<NA>,<NA>,<NA>,10.68,13.66,75.66,Negative,07/31/24
0.0,7.1,92.9,Negative,<NA>,<NA>,<NA>,<NA>,6.0,3.66,90.3,Positive,07/31/24
11.4,5.1,83.5,Positive,<NA>,<NA>,<NA>,<NA>,5.08,7.84,87.08,Negative,07/31/24
6.5,7.0,86.5,Negative,<NA>,<NA>,<NA>,<NA>,19.76,2.72,77.52,Positive,07/31/24
0.0,0.0,100.0,Neutral,<NA>,<NA>,<NA>,<NA>,15.84,3.16,81.02,Positive,07/31/24
0.0,10.3,89.7,Negative,<NA>,<NA>,<NA>,<NA>,3.56,16.34,80.1,Negative,07/31/24
0.0,0.0,100.0,Neutral,<NA>,<NA>,<NA>,<NA>,3.02,3.78,93.2,Negative,07/31/24
18.2,0.0,81.8,Positive,<NA>,<NA>,<NA>,<NA>,12.3,4.64,83.04,Positive,07/31/24
21.6,11.0,67.3,Positive,<NA>,<NA>,<NA>,<NA>,5.26,3.86,90.88,Positive,07/31/24
5.9,0.0,94.1,Positive,<NA>,<NA>,<NA>,<NA>,8.58,3.92,87.5,Positive,07/31/24
5.2,6.0,88.8,Negative,<NA>,<NA>,<NA>,<NA>,10.5,7.94,81.56,Negative,07/31/24
16.7,22.0,61.3,Negative,<NA>,<NA>,<NA>,<NA>,14.48,12.62,72.9,Negative,07/31/24
25.2,0.0,74.8,Positive,<NA>,<NA>,<NA>,<NA>,5.32,5.76,88.92,Positive,07/31/24
15.7,0.0,84.3,Positive,<NA>,<NA>,<NA>,<NA>,12.58,0.0,87.42,Positive,07/31/24
4.7,11.9,83.3,Negative,<NA>,<NA>,<NA>,<NA>,6.1,10.02,83.86,Negative,07/31/24
29.3,4.1,66.6,Positive,<NA>,<NA>,<NA>,<NA>,17.02,0.0,82.98,Positive,07/31/24
6.5,8.5,85.0,Neutral,<NA>,<NA>,<NA>,<NA>,2.28,2.22,95.5,Neutral,07/31/24
23.6,0.0,76.4,Positive,<NA>,<NA>,<NA>,<NA>,4.84,2.12,93.04,Neutral,07/31/24
22.9,0.0,77.1,Positive,<NA>,<NA>,<NA>,<NA>,23.64,1.28,75.06,Positive,07/31/24
7.3,16.3,76.5,Negative,<NA>,<NA>,<NA>,<NA>,6.7,4.48,88.82,Positive,08/07/24
5.9,19.9,74.2,Negative,<NA>,<NA>,<NA>,<NA>,5.7,11.8,82.5,Negative,08/07/24
16.6,8.8,74.6,Positive,<NA>,<NA>,<NA>,<NA>,12.94,12.34,74.74,Positive,08/07/24
12.0,10.0,78.0,Positive,<NA>,<NA>,<NA>,<NA>,3.44,14.38,82.18,Neutral,08/07/24
0.0,7.6,92.4,Negative,<NA>,<NA>,<NA>,<NA>,8.0,7.58,84.42,Positive,08/07/24
12.7,5.2,82.1,Positive,<NA>,<NA>,<NA>,<NA>,5.28,2.08,92.66,Neutral,08/07/24
0.0,0.0,100.0,Neutral,<NA>,<NA>,<NA>,<NA>,1.18,18.22,80.58,Negative,08/07/24
9.8,22.5,67.7,Negative,<NA>,<NA>,<NA>,<NA>,4.96,11.14,83.9,Negative,08/07/24
4.4,17.4,78.2,Negative,<NA>,<NA>,<NA>,<NA>,5.16,12.16,82.7,Negative,08/07/24
4.1,9.6,86.3,Negative,<NA>,<NA>,<NA>,<NA>,8.68,11.08,80.26,Negative,08/07/24
0.0,17.2,82.8,Negative,<NA>,<NA>,<NA>,<NA>,6.54,7.18,86.26,Neutral,08/07/24
20.2,0.0,79.8,Positive,<NA>,<NA>,<NA>,<NA>,6.4,1.02,92.56,Positive,08/07/24
6.5,9.2,84.4,Negative,<NA>,<NA>,<NA>,<NA>,12.82,2.12,85.08,Positive,08/07/24
8.5,14.6,76.9,Negative,<NA>,<NA>,<NA>,<NA>,5.9,7.64,86.46,Negative,08/07/24
3.8,12.2,84.0,Negative,<NA>,<NA>,<NA>,<NA>,15.96,11.82,72.24,Positive,08/07/24
20.6,12.9,66.5,Positive,<NA>,<NA>,<NA>,<NA>,20.42,8.94,70.64,Positive,08/07/24
10.5,0.0,89.5,Positive,<NA>,<NA>,<NA>,<NA>,20.94,1.04,78.02,Positive,08/07/24
9.8,0.0,90.2,Positive,<NA>,<NA>,<NA>,<NA>,2.8,4.2,93.0,Positive,08/07/24
3.7,18.7,77.6,Negative,<NA>,<NA>,<NA>,<NA>,5.84,7.9,86.26,Negative,08/07/24
0.0,0.0,100.0,Neutral,<NA>,<NA>,<NA>,<NA>,7.44,7.72,84.86,Positive,08/07/24
28.9,4.7,66.4,Positive,<NA>,<NA>,<NA>,<NA>,21.1,5.88,73.04,Positive,08/07/24
0.0,0.0,100.0,Neutral,<NA>,<NA>,<NA>,<NA>,10.02,7.2,82.8,Positive,08/07/24
4.1,16.6,79.3,Negative,<NA>,<NA>,<NA>,<NA>,4.98,11.5,83.54,Negative,08/07/24
0.0,0.0,100.0,Neutral,<NA>,<NA>,<NA>,<NA>,8.2,7.78,84.04,Positive,08/07/24
0.0,34.4,65.6,Negative,<NA>,<NA>,<NA>,<NA>,8.36,10.28,81.38,Negative,08/07/24
5.4,12.8,81.7,Negative,<NA>,<NA>,<NA>,<NA>,2.26,10.8,86.94,Negative,08/07/24
3.9,6.0,90.1,Negative,<NA>,<NA>,<NA>,<NA>,3.94,15.96,80.08,Negative,08/07/24
4.6,5.8,89.6,Negative,<NA>,<NA>,<NA>,<NA>,2.74,14.56,82.7,Negative,08/07/24
10.2,12.5,77.3,Negative,<NA>,<NA>,<NA>,<NA>,5.92,5.38,88.72,Negative,08/07/24
14.7,5.2,80.1,Positive,<NA>,<NA>,<NA>,<NA>,14.86,8.34,76.8,Positive,08/07/24
0.0,5.8,94.2,Negative,<NA>,<NA>,<NA>,<NA>,18.72,2.66,78.6,Positive,08/07/24
0.0,25.6,74.4,Negative,<NA>,<NA>,<NA>,<NA>,9.14,19.22,71.64,Negative,08/07/24
19.5,0.0,80.5,Positive,<NA>,<NA>,<NA>,<NA>,18.2,1.94,79.88,Positive,08/07/24
15.3,8.3,76.5,Positive,<NA>,<NA>,<NA>,<NA>,7.76,14.58,77.68,Negative,08/07/24
9.1,4.9,86.0,Positive,<NA>,<NA>,<NA>,<NA>,4.72,5.32,89.96,Positive,08/07/24
14.4,24.3,61.3,Negative,<NA>,<NA>,<NA>,<NA>,7.64,13.72,78.66,Negative,08/07/24
12.0,0.0,88.0,Positive,<NA>,<NA>,<NA>,<NA>,11.96,4.96,83.08,Positive,08/07/24
10.6,19.5,69.9,Negative,<NA>,<NA>,<NA>,<NA>,11.32,25.06,63.66,Negative,08/07/24
4.5,17.0,78.4,Negative,<NA>,<NA>,<NA>,<NA>,8.34,15.34,76.34,Negative,08/07/24
8.0,24.0,68.0,Negative,<NA>,<NA>,<NA>,<NA>,10.06,13.9,76.04,Positive,08/07/24
0.0,0.0,100.0,Neutral,<NA>,<NA>,<NA>,<NA>,23.6,0.0,76.4,Positive,08/07/24
0.0,21.9,78.1,Negative,<NA>,<NA>,<NA>,<NA>,10.84,6.0,83.2,Positive,08/07/24
8.9,0.0,91.1,Positive,<NA>,<NA>,<NA>,<NA>,2.7,11.74,85.54,Negative,08/07/24
28.1,13.5,58.4,Positive,<NA>,<NA>,<NA>,<NA>,12.76,16.92,70.34,Negative,08/07/24
17.5,4.5,78.1,Positive,<NA>,<NA>,<NA>,<NA>,19.12,11.54,69.32,Positive,08/07/24
0.0,11.8,88.2,Negative,<NA>,<NA>,<NA>,<NA>,4.28,8.08,87.64,Negative,08/07/24
13.7,14.4,71.9,Negative,<NA>,<NA>,<NA>,<NA>,6.26,11.98,81.76,Negative,08/07/24
10.9,25.5,63.6,Negative,<NA>,<NA>,<NA>,<NA>,18.36,3.28,78.36,Positive,08/07/24
18.5,0.0,81.5,Positive,<NA>,<NA>,<NA>,<NA>,9.56,1.84,88.6,Positive,08/07/24
0.0,0.0,100.0,Neutral,<NA>,<NA>,<NA>,<NA>,2.52,1.26,96.22,Neutral,08/07/24
9.4,16.5,74.1,Negative,<NA>,<NA>,<NA>,<NA>,13.22,4.52,82.26,Positive,08/07/24
9.6,0.0,90.4,Positive,<NA>,<NA>,<NA>,<NA>,14.0,6.32,79.7,Positive,08/21/24
10.9,11.8,77.3,Negative,<NA>,<NA>,<NA>,<NA>,10.84,8.28,80.88,Positive,08/21/24
15.9,0.0,84.1,Positive,<NA>,<NA>,<NA>,<NA>,10.48,5.78,83.74,Positive,08/21/24
20.2,0.0,79.8,Positive,<NA>,<NA>,<NA>,<NA>,8.36,4.38,87.28,Positive,08/21/24
6.7,10.7,82.6,Negative,<NA>,<NA>,<NA>,<NA>,10.38,6.48,83.18,Positive,08/21/24
13.8,17.6,68.6,Negative,<NA>,<NA>,<NA>,<NA>,9.42,7.94,82.64,Neutral,08/21/24
14.8,3.5,81.7,Positive,<NA>,<NA>,<NA>,<NA>,8.4,1.58,90.0,Positive,08/21/24
3.9,13.1,83.0,Negative,<NA>,<NA>,<NA>,<NA>,6.38,8.44,85.16,Negative,08/21/24
13.0,0.0,87.0,Positive,<NA>,<NA>,<NA>,<NA>,10.42,15.82,73.76,Negative,08/21/24
31.6,0.0,68.4,Positive,<NA>,<NA>,<NA>,<NA>,13.9,0.84,85.24,Positive,08/21/24
31.7,0.0,68.3,Positive,<NA>,<NA>,<NA>,<NA>,9.16,4.26,86.58,Positive,08/21/24
0.0,0.0,100.0,Neutral,<NA>,<NA>,<NA>,<NA>,18.16,19.9,61.94,Negative,08/21/24
0.0,20.2,79.8,Negative,<NA>,<NA>,<NA>,<NA>,18.48,5.46,76.06,Positive,08/21/24
15.0,8.8,76.3,Positive,<NA>,<NA>,<NA>,<NA>,11.04,7.16,81.8,Positive,08/21/24
16.1,5.0,78.9,Positive,<NA>,<NA>,<NA>,<NA>,15.12,1.42,83.46,Positive,08/21/24
8.9,7.6,83.5,Positive,<NA>,<NA>,<NA>,<NA>,8.54,2.06,89.4,Positive,08/21/24
7.5,23.0,69.5,Negative,<NA>,<NA>,<NA>,<NA>,3.94,28.82,67.26,Negative,08/21/24
0.0,0.0,100.0,Neutral,<NA>,<NA>,<NA>,<NA>,10.74,3.14,86.12,Positive,08/21/24
5.1,29.7,65.3,Negative,<NA>,<NA>,<NA>,<NA>,6.42,11.3,82.3,Negative,08/21/24
6.4,24.3,69.3,Negative,<NA>,<NA>,<NA>,<NA>,9.06,14.26,76.68,Negative,08/21/24
6.3,5.8,87.9,Neutral,<NA>,<NA>,<NA>,<NA>,11.28,5.64,83.08,Negative,08/21/24
20.3,12.3,67.4,Positive,<NA>,<NA>,<NA>,<NA>,8.56,6.06,85.38,Positive,08/21/24
5.4,3.5,91.1,Positive,<NA>,<NA>,<NA>,<NA>,6.2,11.54,82.26,Negative,08/21/24
7.8,24.9,67.3,Negative,<NA>,<NA>,<NA>,<NA>,15.7,4.18,80.12,Positive,08/21/24
26.3,7.8,65.8,Positive,<NA>,<NA>,<NA>,<NA>,14.76,2.64,82.62,Positive,08/21/24
4.8,10.9,84.2,Negative,<NA>,<NA>,<NA>,<NA>,15.64,3.46,80.9,Positive,08/21/24
25.5,6.0,68.5,Positive,<NA>,<NA>,<NA>,<NA>,6.64,2.14,91.22,Positive,08/21/24
18.6,5.1,76.3,Positive,<NA>,<NA>,<NA>,<NA>,12.94,4.48,82.58,Positive,08/21/24
14.1,4.7,81.2,Positive,<NA>,<NA>,<NA>,<NA>,6.28,7.22,86.5,Negative,08/21/24
0.0,0.0,100.0,Neutral,<NA>,<NA>,<NA>,<NA>,4.82,4.9,90.26,Neutral,08/21/24
14.3,17.0,68.7,Negative,<NA>,<NA>,<NA>,<NA>,8.82,18.26,72.9,Negative,08/21/24
14.9,0.0,85.1,Positive,<NA>,<NA>,<NA>,<NA>,14.26,4.1,81.64,Positive,08/21/24
0.0,11.9,88.1,Negative,<NA>,<NA>,<NA>,<NA>,4.64,16.86,78.52,Negative,08/21/24
0.0,14.9,85.1,Negative,<NA>,<NA>,<NA>,<NA>,2.72,12.22,85.06,Negative,08/21/24
0.0,0.0,100.0,Neutral,<NA>,<NA>,<NA>,<NA>,5.42,6.06,88.52,Positive,08/21/24
0.0,5.3,94.7,Negative,<NA>,<NA>,<NA>,<NA>,5.12,5.46,89.42,Negative,08/21/24
0.0,13.7,86.3,Negative,<NA>,<NA>,<NA>,<NA>,7.4,18.16,74.44,Negative,08/21/24
11.2,15.6,73.2,Negative,<NA>,<NA>,<NA>,<NA>,8.04,8.98,82.98,Negative,08/21/24
0.0,25.4,74.6,Negative,<NA>,<NA>,<NA>,<NA>,5.86,10.3,83.84,Negative,08/21/24
45.5,0.0,54.5,Positive,<NA>,<NA>,<NA>,<NA>,14.82,7.12,78.06,Negative,08/21/24
0.0,22.1,77.9,Negative,<NA>,<NA>,<NA>,<NA>,3.7,8.64,87.64,Negative,08/21/24
0.0,23.1,76.9,Negative,<NA>,<NA>,<NA>,<NA>,4.74,9.2,86.1,Neutral,08/21/24
13.8,0.0,86.2,Positive,<NA>,<NA>,<NA>,<NA>,6.92,9.26,83.84,Negative,08/21/24
11.9,13.2,74.9,Negative,<NA>,<NA>,<NA>,<NA>,12.92,10.98,76.16,Positive,08/21/24
0.0,9.7,90.3,Negative,<NA>,<NA>,<NA>,<NA>,6.08,8.32,85.56,Positive,08/21/24
4.7,13.5,81.8,Negative,<NA>,<NA>,<NA>,<NA>,12.1,7.78,80.08,Positive,08/21/24
8.3,0.0,91.7,Positive,<NA>,<NA>,<NA>,<NA>,21.5,1.6,76.9,Positive,08/21/24
10.5,9.4,80.1,Negative,<NA>,<NA>,<NA>,<NA>,12.02,9.4,78.58,Negative,08/21/24
17.9,11.1,70.9,Positive,<NA>,<NA>,<NA>,<NA>,7.44,9.2,83.36,Positive,08/21/24
0.0,26.8,73.2,Negative,<NA>,<NA>,<NA>,<NA>,12.84,8.64,78.52,Positive,08/21/24
11.6,10.1,78.4,Positive,<NA>,<NA>,<NA>,<NA>,7.52,19.78,72.72,Negative,08/21/24
31.4,11.8,56.8,Positive,<NA>,<NA>,<NA>,<NA>,0.0,0.0,100.0,Neutral,08/28/24
35.6,0.0,64.4,Positive,<NA>,<NA>,<NA>,<NA>,15.46,2.78,81.76,Positive,08/28/24
10.2,0.0,89.8,Positive,<NA>,<NA>,<NA>,<NA>,6.18,11.28,82.54,Negative,08/28/24
20.5,19.1,60.4,Positive,<NA>,<NA>,<NA>,<NA>,17.74,12.62,69.64,Positive,08/28/24
0.0,7.3,92.7,Negative,<NA>,<NA>,<NA>,<NA>,8.48,3.98,87.54,Positive,08/28/24
14.4,15.7,69.9,Negative,<NA>,<NA>,<NA>,<NA>,12.12,6.86,81.06,Positive,08/28/24
10.4,10.6,79.0,Neutral,<NA>,<NA>,<NA>,<NA>,12.18,4.9,82.92,Positive,08/28/24
0.0,12.4,87.6,Negative,<NA>,<NA>,<NA>,<NA>,4.24,8.12,87.66,Negative,08/28/24
0.0,14.9,85.1,Negative,<NA>,<NA>,<NA>,<NA>,4.28,7.14,88.6,Negative,08/28/24
11.2,6.7,82.0,Positive,<NA>,<NA>,<NA>,<NA>,14.04,4.74,81.22,Positive,08/28/24
31.4,18.2,50.4,Positive,<NA>,<NA>,<NA>,<NA>,17.98,10.7,71.34,Positive,08/28/24
0.0,22.2,77.8,Negative,<NA>,<NA>,<NA>,<NA>,11.86,16.04,72.12,Negative,08/28/24
29.1,16.1,54.8,Positive,<NA>,<NA>,<NA>,<NA>,15.32,8.94,75.74,Positive,08/28/24
0.0,0.0,100.0,Neutral,<NA>,<NA>,<NA>,<NA>,5.4,12.58,82.02,Negative,08/28/24
8.8,10.6,80.6,Negative,<NA>,<NA>,<NA>,<NA>,4.9,9.2,85.88,Negative,08/28/24
0.0,17.4,82.6,Negative,<NA>,<NA>,<NA>,<NA>,9.64,0.48,89.88,Positive,08/28/24
6.5,15.4,78.1,Negative,<NA>,<NA>,<NA>,<NA>,8.72,4.66,86.62,Positive,08/28/24
0.0,20.9,79.1,Negative,<NA>,<NA>,<NA>,<NA>,14.04,8.68,77.28,Positive,08/28/24
7.2,18.3,74.5,Negative,<NA>,<NA>,<NA>,<NA>,17.56,15.76,66.66,Negative,08/28/24
0.0,0.0,100.0,Neutral,<NA>,<NA>,<NA>,<NA>,10.08,5.46,84.44,Positive,08/28/24
9.1,0.0,90.9,Positive,<NA>,<NA>,<NA>,<NA>,4.0,2.84,93.16,Positive,08/28/24
13.7,19.7,66.7,Negative,<NA>,<NA>,<NA>,<NA>,7.94,13.12,78.94,Negative,08/28/24
20.4,0.0,79.6,Positive,<NA>,<NA>,<NA>,<NA>,17.1,4.68,78.22,Positive,08/28/24
25.1,16.4,58.5,Positive,<NA>,<NA>,<NA>,<NA>,16.4,17.42,66.18,Negative,08/28/24
0.0,15.5,84.5,Negative,<NA>,<NA>,<NA>,<NA>,12.62,2.88,84.5,Positive,08/28/24
0.0,3.1,96.9,Neutral,<NA>,<NA>,<NA>,<NA>,14.52,0.24,85.24,Positive,08/28/24
0.0,0.0,100.0,Neutral,<NA>,<NA>,<NA>,<NA>,8.52,12.14,79.34,Negative,08/28/24
12.2,0.0,87.8,Positive,<NA>,<NA>,<NA>,<NA>,4.58,4.6,90.82,Positive,08/28/24
7.2,13.3,79.5,Negative,<NA>,<NA>,<NA>,<NA>,0.76,11.76,87.48,Negative,08/28/24
0.0,21.7,78.3,Negative,<NA>,<NA>,<NA>,<NA>,7.54,16.76,75.7,Negative,08/28/24
0.0,0.0,100.0,Neutral,<NA>,<NA>,<NA>,<NA>,11.28,1.6,87.12,Positive,08/28/24
7.5,0.0,92.5,Positive,<NA>,<NA>,<NA>,<NA>,6.22,8.2,85.56,Positive,08/28/24
9.8,23.5,66.7,Negative,<NA>,<NA>,<NA>,<NA>,10.86,24.82,64.36,Negative,08/28/24
14.0,11.0,75.0,Positive,<NA>,<NA>,<NA>,<NA>,1.58,6.74,91.7,Negative,08/28/24
0.0,31.2,68.8,Negative,<NA>,<NA>,<NA>,<NA>,8.38,3.18,88.42,Negative,08/28/24
6.2,0.0,93.8,Positive,<NA>,<NA>,<NA>,<NA>,3.86,3.76,92.36,Negative,08/28/24
0.0,2.9,97.1,Negative,<NA>,<NA>,<NA>,<NA>,4.24,6.42,89.34,Negative,08/28/24
0.0,40.6,59.4,Negative,<NA>,<NA>,<NA>,<NA>,11.62,5.32,83.02,Positive,08/28/24
17.8,0.0,82.2,Positive,<NA>,<NA>,<NA>,<NA>,7.3,7.66,85.04,Negative,08/28/24
30.4,0.0,69.6,Positive,<NA>,<NA>,<NA>,<NA>,7.62,4.16,88.24,Positive,08/28/24
17.2,0.0,82.8,Positive,<NA>,<NA>,<NA>,<NA>,22.08,1.48,76.44,Positive,08/28/24
9.3,0.0,90.7,Positive,<NA>,<NA>,<NA>,<NA>,20.7,8.72,70.58,Positive,08/28/24
19.1,10.8,70.1,Positive,<NA>,<NA>,<NA>,<NA>,8.28,18.7,73.04,Negative,08/28/24
6.6,7.2,86.2,Positive,<NA>,<NA>,<NA>,<NA>,13.8,5.74,80.42,Positive,08/28/24
0.0,5.2,94.8,Negative,<NA>,<NA>,<NA>,<NA>,2.86,8.1,89.02,Negative,08/28/24
0.0,0.0,100.0,Neutral,<NA>,<NA>,<NA>,<NA>,9.98,1.98,88.04,Positive,08/28/24
14.0,6.3,79.8,Positive,<NA>,<NA>,<NA>,<NA>,7.14,8.44,84.42,Positive,08/28/24
13.8,12.7,73.4,Negative,<NA>,<NA>,<NA>,<NA>,2.64,14.58,82.78,Negative,08/28/24
21.3,0.0,78.7,Positive,<NA>,<NA>,<NA>,<NA>,3.3,9.3,87.4,Negative,08/28/24
11.4,22.1,66.5,Negative,<NA>,<NA>,<NA>,<NA>,9.7,7.76,82.5,Positive,08/28/24
0.0,0.0,100.0,Neutral,<NA>,<NA>,<NA>,<NA>,5.42,7.92,86.68,Negative,09/12/24
0.0,35.7,64.3,Negative,<NA>,<NA>,<NA>,<NA>,11.98,18.04,70.0,Negative,09/12/24
0.0,0.0,100.0,Neutral,<NA>,<NA>,<NA>,<NA>,9.74,6.14,84.12,Positive,09/12/24
15.8,16.4,67.8,Positive,<NA>,<NA>,<NA>,<NA>,10.22,5.56,84.26,Positive,09/12/24
12.5,0.0,87.5,Positive,<NA>,<NA>,<NA>,<NA>,9.68,7.66,82.72,Positive,09/12/24
8.5,9.8,81.7,Negative,<NA>,<NA>,<NA>,<NA>,3.98,14.04,82.0,Negative,09/12/24
31.1,0.0,68.9,Positive,<NA>,<NA>,<NA>,<NA>,22.7,1.5,75.78,Positive,09/12/24
10.0,20.3,69.7,Negative,<NA>,<NA>,<NA>,<NA>,15.72,16.4,67.92,Negative,09/12/24
12.4,0.0,87.6,Positive,<NA>,<NA>,<NA>,<NA>,9.4,9.02,81.56,Positive,09/12/24
4.7,18.4,76.9,Negative,<NA>,<NA>,<NA>,<NA>,6.74,6.32,86.94,Negative,09/12/24
0.0,0.0,100.0,Neutral,<NA>,<NA>,<NA>,<NA>,13.28,5.36,81.32,Positive,09/12/24
4.5,7.9,87.6,Negative,<NA>,<NA>,<NA>,<NA>,7.06,21.38,71.54,Negative,09/12/24
0.0,3.9,96.1,Negative,<NA>,<NA>,<NA>,<NA>,14.14,11.54,74.32,Negative,09/12/24
0.0,33.1,66.9,Negative,<NA>,<NA>,<NA>,<NA>,16.36,7.98,75.66,Positive,09/12/24
0.0,0.0,100.0,Neutral,<NA>,<NA>,<NA>,<NA>,13.3,10.0,76.7,Negative,09/12/24
20.3,3.8,75.9,Positive,<NA>,<NA>,<NA>,<NA>,10.72,2.0,87.26,Positive,09/12/24
6.4,16.5,77.1,Negative,<NA>,<NA>,<NA>,<NA>,12.04,12.04,75.94,Negative,09/12/24
7.9,11.6,80.4,Positive,<NA>,<NA>,<NA>,<NA>,13.62,9.78,76.62,Positive,09/12/24
0.0,6.8,93.2,Negative,<NA>,<NA>,<NA>,<NA>,8.66,1.58,89.74,Positive,09/12/24
1.8,10.0,88.2,Negative,<NA>,<NA>,<NA>,<NA>,14.0,5.98,80.0,Positive,09/12/24
0.0,0.0,100.0,Neutral,<NA>,<NA>,<NA>,<NA>,4.06,10.8,85.18,Negative,09/12/24
0.0,0.0,100.0,Neutral,<NA>,<NA>,<NA>,<NA>,5.86,5.54,88.6,Positive,09/12/24
17.4,7.0,75.5,Positive,<NA>,<NA>,<NA>,<NA>,4.22,8.16,87.62,Negative,09/12/24
9.1,0.0,90.9,Positive,<NA>,<NA>,<NA>,<NA>,15.32,7.0,77.66,Positive,09/12/24
22.9,7.3,69.8,Positive,<NA>,<NA>,<NA>,<NA>,5.38,2.56,92.04,Positive,09/12/24
19.3,7.8,72.8,Positive,<NA>,<NA>,<NA>,<NA>,7.44,1.7,90.88,Positive,09/12/24
5.2,11.6,83.2,Negative,<NA>,<NA>,<NA>,<NA>,5.08,13.68,81.26,Negative,09/12/24
5.1,14.9,80.0,Negative,<NA>,<NA>,<NA>,<NA>,16.1,3.56,80.34,Positive,09/12/24
0.0,5.2,94.8,Negative,<NA>,<NA>,<NA>,<NA>,2.7,14.06,83.24,Negative,09/12/24
0.0,4.8,95.2,Negative,<NA>,<NA>,<NA>,<NA>,9.96,4.52,85.52,Positive,09/12/24
8.1,7.5,84.4,Positive,<NA>,<NA>,<NA>,<NA>,8.42,6.46,85.12,Positive,09/12/24
6.3,19.3,74.4,Negative,<NA>,<NA>,<NA>,<NA>,9.76,15.5,74.76,Negative,09/12/24
12.7,0.0,87.3,Positive,<NA>,<NA>,<NA>,<NA>,11.56,8.08,80.38,Positive,09/12/24
4.9,37.4,57.7,Negative,<NA>,<NA>,<NA>,<NA>,7.72,16.22,76.06,Negative,09/12/24
4.5,5.0,90.5,Negative,<NA>,<NA>,<NA>,<NA>,4.98,3.56,91.46,Positive,09/12/24
0.0,24.6,75.4,Negative,<NA>,<NA>,<NA>,<NA>,4.58,23.38,72.04,Negative,09/12/24
37.7,6.1,56.2,Positive,<NA>,<NA>,<NA>,<NA>,11.2,3.22,85.58,Positive,09/12/24
7.0,12.6,80.4,Negative,<NA>,<NA>,<NA>,<NA>,11.44,15.62,72.94,Positive,09/12/24
7.0,0.0,93.0,Positive,<NA>,<NA>,<NA>,<NA>,20.2,1.96,77.84,Positive,09/12/24
0.0,22.4,77.6,Negative,<NA>,<NA>,<NA>,<NA>,9.56,18.16,72.26,Negative,09/12/24
15.0,12.9,72.1,Neutral,<NA>,<NA>,<NA>,<NA>,5.48,8.42,86.1,Negative,09/12/24
0.0,0.0,100.0,Neutral,<NA>,<NA>,<NA>,<NA>,16.92,6.12,76.94,Positive,09/12/24
11.6,0.0,88.4,Positive,<NA>,<NA>,<NA>,<NA>,8.7,3.66,87.64,Positive,09/12/24
10.3,12.2,77.5,Negative,<NA>,<NA>,<NA>,<NA>,8.1,8.14,83.76,Negative,09/12/24
0.0,22.9,77.1,Negative,<NA>,<NA>,<NA>,<NA>,8.9,9.68,81.42,Positive,09/12/24
11.4,10.9,77.6,Negative,<NA>,<NA>,<NA>,<NA>,14.88,2.58,82.54,Positive,09/12/24
9.6,9.6,80.8,Neutral,<NA>,<NA>,<NA>,<NA>,11.9,7.34,80.74,Negative,09/12/24
4.8,12.8,82.4,Negative,<NA>,<NA>,<NA>,<NA>,6.26,3.04,90.7,Positive,09/12/24
18.5,5.7,75.7,Positive,<NA>,<NA>,<NA>,<NA>,8.28,6.82,84.92,Positive,09/12/24
30.8,8.6,60.6,Positive,<NA>,<NA>,<NA>,<NA>,11.92,4.38,83.72,Positive,09/12/24
16.8,10.3,72.9,Positive,<NA>,<NA>,<NA>,<NA>,11.0,6.14,82.88,Positive,09/19/24
0.0,20.0,80.0,Negative,<NA>,<NA>,<NA>,<NA>,3.92,6.08,90.0,Negative,09/19/24
7.1,40.6,52.4,Negative,<NA>,<NA>,<NA>,<NA>,8.4,15.48,76.12,Negative,09/19/24
21.4,0.0,78.6,Positive,<NA>,<NA>,<NA>,<NA>,2.96,0.0,97.04,Neutral,09/19/24
35.2,0.0,64.8,Positive,<NA>,<NA>,<NA>,<NA>,12.96,0.64,86.4,Positive,09/19/24
9.7,0.0,90.3,Positive,<NA>,<NA>,<NA>,<NA>,9.44,4.3,86.28,Positive,09/19/24
29.8,7.3,62.9,Positive,<NA>,<NA>,<NA>,<NA>,10.36,0.3,89.34,Positive,09/19/24
0.0,0.0,100.0,Neutral,<NA>,<NA>,<NA>,<NA>,15.66,1.76,82.58,Positive,09/19/24
0.0,0.0,100.0,Neutral,<NA>,<NA>,<NA>,<NA>,10.58,6.66,82.74,Positive,09/19/24
6.5,13.5,79.9,Negative,<NA>,<NA>,<NA>,<NA>,12.14,5.34,82.52,Positive,09/19/24
0.0,28.1,71.9,Negative,<NA>,<NA>,<NA>,<NA>,7.7,16.82,75.46,Negative,09/19/24
25.8,6.6,67.6,Positive,<NA>,<NA>,<NA>,<NA>,7.24,6.12,86.64,Positive,09/19/24
0.0,0.0,100.0,Neutral,<NA>,<NA>,<NA>,<NA>,4.58,3.04,92.38,Neutral,09/19/24
9.4,3.9,86.7,Positive,<NA>,<NA>,<NA>,<NA>,9.2,8.14,82.66,Positive,09/19/24
23.4,10.2,66.4,Positive,<NA>,<NA>,<NA>,<NA>,7.88,10.5,81.62,Positive,09/19/24
27.4,5.0,67.6,Positive,<NA>,<NA>,<NA>,<NA>,10.14,8.42,81.42,Positive,09/19/24
0.0,8.6,91.4,Negative,<NA>,<NA>,<NA>,<NA>,10.58,16.6,72.8,Negative,09/19/24
32.9,0.0,67.1,Positive,<NA>,<NA>,<NA>,<NA>,14.36,3.42,82.22,Positive,09/19/24
5.8,26.1,68.1,Negative,<NA>,<NA>,<NA>,<NA>,11.56,12.88,75.54,Negative,09/19/24
5.7,17.8,76.4,Negative,<NA>,<NA>,<NA>,<NA>,5.56,8.24,86.2,Negative,09/19/24
2.7,5.2,92.1,Negative,<NA>,<NA>,<NA>,<NA>,18.6,1.66,79.74,Positive,09/19/24
0.0,14.7,85.3,Negative,<NA>,<NA>,<NA>,<NA>,14.92,4.66,80.42,Positive,09/19/24
8.4,17.7,73.9,Negative,<NA>,<NA>,<NA>,<NA>,13.82,12.78,73.38,Negative,09/19/24
8.9,0.0,91.1,Positive,<NA>,<NA>,<NA>,<NA>,14.74,7.0,78.26,Positive,09/19/24
17.3,0.0,82.7,Positive,<NA>,<NA>,<NA>,<NA>,6.36,0.56,93.08,Positive,09/19/24
0.0,0.0,100.0,Neutral,<NA>,<NA>,<NA>,<NA>,9.7,1.82,88.5,Positive,09/19/24
0.0,0.0,100.0,Neutral,<NA>,<NA>,<NA>,<NA>,16.56,8.6,74.82,Positive,09/19/24
0.0,18.3,81.7,Negative,<NA>,<NA>,<NA>,<NA>,9.9,11.92,78.16,Negative,09/19/24
11.2,8.1,80.7,Neutral,<NA>,<NA>,<NA>,<NA>,6.56,8.56,84.9,Negative,09/19/24
0.0,16.1,83.9,Negative,<NA>,<NA>,<NA>,<NA>,7.74,4.62,87.64,Positive,09/19/24
0.0,8.9,91.1,Negative,<NA>,<NA>,<NA>,<NA>,5.38,7.42,87.2,Positive,09/19/24
4.7,17.5,77.8,Negative,<NA>,<NA>,<NA>,<NA>,6.72,9.12,84.14,Negative,09/19/24
0.0,24.0,76.0,Negative,<NA>,<NA>,<NA>,<NA>,13.68,18.5,67.84,Negative,09/19/24
9.8,0.0,90.2,Positive,<NA>,<NA>,<NA>,<NA>,5.54,13.76,80.7,Negative,09/19/24
4.8,12.8,82.4,Negative,<NA>,<NA>,<NA>,<NA>,5.68,7.94,86.38,Positive,09/19/24
5.3,35.8,58.8,Negative,<NA>,<NA>,<NA>,<NA>,11.92,19.98,68.1,Negative,09/19/24
9.4,22.1,68.4,Negative,<NA>,<NA>,<NA>,<NA>,28.88,4.76,66.36,Positive,09/19/24
12.1,5.8,82.1,Positive,<NA>,<NA>,<NA>,<NA>,5.54,4.34,90.12,Positive,09/19/24
9.4,15.9,74.7,Negative,<NA>,<NA>,<NA>,<NA>,9.78,4.14,86.08,Negative,09/19/24
20.1,0.0,79.9,Positive,<NA>,<NA>,<NA>,<NA>,11.22,2.72,86.06,Positive,09/19/24
21.5,15.2,63.3,Positive,<NA>,<NA>,<NA>,<NA>,14.1,5.62,80.26,Positive,09/19/24
8.0,0.0,92.0,Positive,<NA>,<NA>,<NA>,<NA>,13.9,3.32,82.8,Positive,09/19/24
14.0,16.1,69.9,Negative,<NA>,<NA>,<NA>,<NA>,12.28,7.66,80.08,Positive,09/19/24
0.0,27.2,72.8,Negative,<NA>,<NA>,<NA>,<NA>,11.62,8.48,79.88,Positive,09/19/24
0.0,24.0,76.0,Negative,<NA>,<NA>,<NA>,<NA>,5.3,18.66,76.04,Negative,09/19/24
4.4,0.0,95.6,Positive,<NA>,<NA>,<NA>,<NA>,15.7,5.24,79.06,Positive,09/19/24
6.9,21.7,71.3,Negative,<NA>,<NA>,<NA>,<NA>,13.24,4.46,82.28,Positive,09/19/24
0.0,11.8,88.2,Negative,<NA>,<NA>,<NA>,<NA>,1.66,9.8,88.54,Negative,09/19/24
0.0,0.0,100.0,Neutral,<NA>,<NA>,<NA>,<NA>,11.74,6.18,82.06,Positive,09/19/24
11.5,5.5,83.0,Positive,<NA>,<NA>,<NA>,<NA>,20.66,0.24,79.1,Positive,09/19/24
0.0,0.0,100.0,Neutral,<NA>,<NA>,<NA>,<NA>,7.14,5.96,86.9,Positive,10/03/24
6.8,0.0,93.2,Positive,<NA>,<NA>,<NA>,<NA>,7.64,11.88,80.46,Negative,10/03/24
6.0,23.5,70.5,Negative,<NA>,<NA>,<NA>,<NA>,3.6,13.1,83.3,Negative,10/03/24
0.0,4.1,95.9,Negative,<NA>,<NA>,<NA>,<NA>,4.4,4.8,90.8,Neutral,10/03/24
0.0,22.2,77.8,Negative,<NA>,<NA>,<NA>,<NA>,7.8,15.64,76.58,Negative,10/03/24
8.3,11.4,80.2,Negative,<NA>,<NA>,<NA>,<NA>,9.98,21.88,68.14,Negative,10/03/24
31.5,0.0,68.5,Positive,<NA>,<NA>,<NA>,<NA>,14.56,4.76,80.7,Positive,10/03/24
0.0,17.7,82.3,Negative,<NA>,<NA>,<NA>,<NA>,14.36,3.86,81.78,Positive,10/03/24
0.0,6.6,93.4,Negative,<NA>,<NA>,<NA>,<NA>,12.7,9.2,78.12,Positive,10/03/24
3.3,11.4,85.3,Negative,<NA>,<NA>,<NA>,<NA>,4.16,6.2,89.66,Negative,10/03/24
5.4,20.9,73.7,Negative,<NA>,<NA>,<NA>,<NA>,12.78,9.26,77.92,Positive,10/03/24
0.0,5.4,94.6,Negative,<NA>,<NA>,<NA>,<NA>,2.34,5.22,92.44,Negative,10/03/24
5.0,11.5,83.5,Negative,<NA>,<NA>,<NA>,<NA>,5.78,16.16,78.06,Negative,10/03/24
3.9,5.2,90.9,Negative,<NA>,<NA>,<NA>,<NA>,9.84,7.5,82.66,Neutral,10/03/24
11.3,3.9,84.8,Positive,<NA>,<NA>,<NA>,<NA>,6.92,5.8,87.28,Positive,10/03/24
12.6,14.4,73.0,Neutral,<NA>,<NA>,<NA>,<NA>,1.82,8.28,89.92,Negative,10/03/24
0.0,17.5,82.5,Negative,<NA>,<NA>,<NA>,<NA>,3.62,2.08,94.32,Neutral,10/03/24
0.0,0.0,100.0,Neutral,<NA>,<NA>,<NA>,<NA>,8.9,0.66,90.42,Positive,10/03/24
4.1,34.0,61.9,Negative,<NA>,<NA>,<NA>,<NA>,15.58,10.84,73.6,Positive,10/03/24
0.0,19.1,80.9,Negative,<NA>,<NA>,<NA>,<NA>,5.76,14.92,79.32,Negative,10/03/24
10.1,13.3,76.6,Negative,<NA>,<NA>,<NA>,<NA>,13.6,20.5,65.9,Negative,10/03/24
19.6,4.9,75.5,Positive,<NA>,<NA>,<NA>,<NA>,16.8,5.04,78.16,Positive,10/03/24
5.1,6.8,88.1,Positive,<NA>,<NA>,<NA>,<NA>,18.58,4.08,77.34,Positive,10/03/24
0.0,16.0,84.0,Negative,<NA>,<NA>,<NA>,<NA>,13.08,3.16,83.78,Positive,10/03/24
17.6,0.0,82.4,Positive,<NA>,<NA>,<NA>,<NA>,5.84,2.9,91.26,Positive,10/03/24
10.8,4.1,85.1,Positive,<NA>,<NA>,<NA>,<NA>,7.8,10.58,81.58,Negative,10/03/24
30.1,0.0,69.9,Positive,<NA>,<NA>,<NA>,<NA>,12.4,9.26,78.36,Positive,10/03/24
0.0,0.0,100.0,Neutral,<NA>,<NA>,<NA>,<NA>,3.72,4.26,92.0,Positive,10/03/24
17.9,0.0,82.1,Positive,<NA>,<NA>,<NA>,<NA>,13.74,4.28,81.98,Positive,10/03/24
16.0,0.0,84.0,Positive,<NA>,<NA>,<NA>,<NA>,3.48,4.7,91.84,Positive,10/03/24
0.0,12.1,87.9,Negative,<NA>,<NA>,<NA>,<NA>,8.46,6.24,85.28,Negative,10/03/24
5.4,3.2,91.4,Positive,<NA>,<NA>,<NA>,<NA>,6.42,12.12,81.44,Negative,10/03/24
14.6,4.2,81.2,Positive,<NA>,<NA>,<NA>,<NA>,8.12,13.38,78.5,Positive,10/03/24
0.0,9.8,90.2,Negative,<NA>,<NA>,<NA>,<NA>,4.94,3.92,91.14,Positive,10/03/24
10.8,0.0,89.2,Positive,<NA>,<NA>,<NA>,<NA>,6.94,5.72,87.32,Negative,10/03/24
16.9,10.3,72.8,Positive,<NA>,<NA>,<NA>,<NA>,5.96,8.7,85.38,Negative,10/03/24
12.9,0.0,87.1,Positive,<NA>,<NA>,<NA>,<NA>,8.92,9.38,81.68,Negative,10/03/24
8.5,0.0,91.5,Positive,<NA>,<NA>,<NA>,<NA>,14.76,2.94,82.3,Positive,10/03/24
0.0,10.4,89.6,Negative,<NA>,<NA>,<NA>,<NA>,27.24,5.14,67.64,Positive,10/03/24
0.0,57.3,42.7,Negative,<NA>,<NA>,<NA>,<NA>,4.02,6.5,89.48,Neutral,10/03/24
5.7,21.5,72.9,Negative,<NA>,<NA>,<NA>,<NA>,4.7,5.02,90.26,Negative,10/03/24
3.7,9.5,86.8,Negative,<NA>,<NA>,<NA>,<NA>,3.38,7.06,89.58,Negative,10/03/24
0.0,9.9,90.1,Negative,<NA>,<NA>,<NA>,<NA>,5.0,3.78,91.26,Positive,10/03/24
0.0,0.0,100.0,Neutral,<NA>,<NA>,<NA>,<NA>,0.94,1.14,97.94,Neutral,10/03/24
0.0,0.0,100.0,Neutral,<NA>,<NA>,<NA>,<NA>,5.12,4.86,90.0,Positive,10/03/24
6.7,0.0,93.3,Positive,<NA>,<NA>,<NA>,<NA>,7.96,10.12,81.9,Negative,10/03/24
5.6,5.8,88.6,Neutral,<NA>,<NA>,<NA>,<NA>,13.62,6.04,80.34,Positive,10/03/24
18.5,4.4,77.1,Positive,<NA>,<NA>,<NA>,<NA>,7.32,13.96,78.74,Negative,10/03/24
12.0,0.0,88.0,Positive,<NA>,<NA>,<NA>,<NA>,10.56,5.32,84.12,Neutral,10/03/24
20.4,0.0,79.6,Positive,<NA>,<NA>,<NA>,<NA>,11.88,0.54,87.58,Positive,10/03/24
16.8,0.0,83.2,Positive,<NA>,<NA>,<NA>,<NA>,11.74,9.44,78.82,Positive,10/03/24
